id, username, firstName, lastName, dob, roles
1, admin, , , , ADMIN
2, default_user, Ngọc, Diệp, 2002-04-11, DEV
3, default_user1, Ngọc, Diệp, 2002-04-11, USER
4, default_user2, Ngọc, Diệp, 2002-04-11, MODERATOR
5, jdoe, John, Doe, 1990-05-15, GUEST
6, asmith, Alice, Smith, 1985-10-22, GUEST
7, btaylor, Bob, Taylor, 1993-03-09, GUEST
8, hnguyen, Hà, Nguyễn, 2000-07-01, GUEST
9, kpham, Khôi, Phạm, 1997-12-12, GUEST
12, fatima.bode, Eudora, Lind, 1986-12-28, GUEST
13, amya.mosciski, Betsy, Schmidt, 2006-08-28, GUEST
14, reta53, Werner, Beahan, 2017-10-21, GUEST
15, farrell.geovanny, Foster, Leffler, 1971-03-16, GUEST
16, vallie65, Daphne, Ritchie, 2022-08-15, GUEST
17, kole37, Ahmed, Bogisich, 2000-12-02, GUEST
18, padberg.darren, Elenora, Greenholt, 2009-02-02, GUEST
19, opfannerstill, Ethan, Conroy, 2025-04-12, GUEST
20, qroob, Kiley, Carroll, 1990-03-30, GUEST
21, frami.giovanni, Benedict, Satterfield, 2005-05-19, GUEST
22, vgrady, Crystel, Dickens, 1993-10-29, GUEST
23, meaghan22, Deon, Kozey, 2011-06-03, GUEST
24, juston.braun, Adam, Bednar, 1977-12-26, GUEST
25, freeda40, Americo, Lemke, 1987-12-09, GUEST
26, yost.melba, Braeden, Crist, 2014-02-10, GUEST
27, rippin.jamir, Christian, Wolff, 1981-04-10, GUEST
28, znienow, Ferne, Schaefer, 1972-06-09, GUEST
29, gretchen83, Austen, Hills, 1990-01-21, GUEST
30, krajcik.walter, Nella, Buckridge, 1980-09-27, GUEST
31, wilkinson.charity, Magnus, Deckow, 2013-08-24, GUEST
32, curtis.mann, Jaycee, Moore, 2025-01-19, GUEST
33, pollich.stanford, Ashton, Kuhn, 1994-06-12, GUEST
34, stracke.darian, Valentin, Luettgen, 1977-05-28, GUEST
35, twila36, Candice, Schinner, 2001-01-04, GUEST
36, kihn.vance, Madisyn, Grimes, 1975-05-13, GUEST
37, jacky.smith, Elza, Bergnaum, 2021-08-28, GUEST
38, cwilliamson, Garett, Lakin, 1974-05-01, GUEST
39, srolfson, Rahsaan, Rempel, 1981-07-30, GUEST
40, braeden.turner, Maggie, Bernhard, 1975-01-21, GUEST
41, jefferey34, Tania, Connelly, 2007-12-07, GUEST
42, muller.theresia, Michael, D'Amore, 2006-07-10, GUEST
43, kelsi66, Albertha, Jaskolski, 2021-12-09, GUEST
44, dejuan.abernathy, Syble, Keebler, 1985-09-07, GUEST
45, otilia53, Kamron, Jast, 2001-10-21, GUEST
46, abigail22, Jan, Kuhic, 2009-08-30, GUEST
47, mbode, Jada, Harris, 1990-04-17, GUEST
48, lesch.delphia, Zachery, Schinner, 1993-05-15, GUEST
49, xlangosh, Mathew, Anderson, 2001-06-20, GUEST
50, florencio21, Kody, Kirlin, 1992-05-16, GUEST
51, marta.wolf, Juana, Bednar, 2024-01-07, GUEST
52, maude.huel, Alfonso, Armstrong, 1996-08-17, GUEST
53, mueller.vincenzo, Mohammad, Dach, 2021-05-05, GUEST
54, riley62, Gregory, Fay, 1976-08-23, GUEST
55, qgleason, Marta, Dooley, 1995-06-28, GUEST
56, kreiger.marisol, Torrey, Paucek, 2003-01-18, GUEST
57, runolfsdottir.juston, Clark, Reynolds, 1975-05-02, GUEST
58, smitham.catalina, Hans, Altenwerth, 2012-12-03, GUEST
59, consuelo36, Sadye, Padberg, 1970-01-06, GUEST
60, bashirian.broderick, Katrine, Spencer, 1998-11-30, GUEST
61, hipolito.ruecker, Katrina, Harber, 2007-10-28, GUEST
62, quentin62, Godfrey, Vandervort, 1972-04-29, GUEST
63, geoffrey97, Bernie, Langworth, 1995-06-29, GUEST
64, xgerlach, Lexus, Sauer, 1989-10-25, GUEST
65, bauch.missouri, Carolyne, Terry, 2018-10-21, GUEST
66, rlueilwitz, Delpha, Kris, 2000-01-17, GUEST
67, kertzmann.forrest, Katharina, Crona, 1982-06-03, GUEST
68, gorczany.justen, Stephon, Moore, 2018-12-06, GUEST
69, bvandervort, August, Pfeffer, 2008-12-02, GUEST
70, francis93, Doyle, Hahn, 2025-01-24, GUEST
71, merl07, Elnora, Kris, 1993-12-21, GUEST
72, theodore79, Jeffery, White, 2018-12-27, GUEST
73, eokuneva, Kaela, Schuster, 2023-08-20, GUEST
74, cgusikowski, Eriberto, Mohr, 2018-07-30, GUEST
75, morgan90, Elenor, Donnelly, 2003-08-23, GUEST
76, antone.schoen, Brigitte, Kirlin, 1990-04-28, GUEST
77, ehagenes, Edythe, Maggio, 2021-12-02, GUEST
78, kiehn.katelyn, Roma, Kuhn, 2004-12-28, GUEST
79, gottlieb.delfina, Gardner, Legros, 2005-02-27, GUEST
80, fred01, Irving, Price, 2010-04-07, GUEST
81, ksawayn, Georgianna, Doyle, 2010-10-21, GUEST
82, zbashirian, Clemens, Hilpert, 2020-07-05, GUEST
83, kira.ledner, Marian, Torp, 2006-03-31, GUEST
84, runolfsdottir.irving, Elnora, Block, 1985-05-21, GUEST
85, cummings.tevin, Jamil, Lubowitz, 2000-08-05, GUEST
86, arlene91, Zelma, Reilly, 1980-09-01, GUEST
87, nelle73, Jasmin, Lang, 2003-11-26, GUEST
88, scasper, Alaina, Connelly, 1986-09-15, GUEST
89, stanton.kacey, Phoebe, Simonis, 1998-02-22, GUEST
90, pemmerich, Easton, Konopelski, 1985-11-01, GUEST
91, lesch.jarvis, Else, Boyer, 2015-10-31, GUEST
92, maximo52, Filiberto, Hackett, 2019-04-08, GUEST
93, o'keefe.grover, Amber, Toy, 1990-09-16, GUEST
94, jackson.roob, Brody, Keeling, 2016-06-28, GUEST
95, jeramie87, Catalina, Conroy, 1974-12-09, GUEST
96, natalie30, Zella, Hodkiewicz, 1990-07-12, GUEST
97, mateo.strosin, Twila, Haag, 1998-05-02, GUEST
98, clemens01, Amani, Bogan, 1981-03-30, GUEST
99, tillman.lucie, Kevon, Wuckert, 1971-03-15, GUEST
100, anne.gerhold, Leo, Lowe, 2020-02-25, GUEST
101, conner.bode, Althea, Feeney, 1976-09-04, GUEST
